Grupo Comorbilidad,CFR (%)
0 comorbilidades,3.299369914900857
1 comorbilidad,8.506699043299
2 comorbilidades,15.896442867836106
3+ comorbilidades,23.065287853063747
