Comorbilidad,CFR Específico (%)
RENAL_CRONICA,26.578758899608207
EPOC,23.180825674097395
DIABETES,20.99450218933173
CARDIOVASCULAR,19.695535573434295
HIPERTENSION,18.455351965358958
INMUSUPR,15.988606438437147
OTRA_COM,14.246800783134239
OBESIDAD,10.559017237400365
TABAQUISMO,7.881642672328004
ASMA,4.292203080065579
